<?xml version="1.0" standalone="no"?>
<?xml-stylesheet type="text/xsl" href="file:///C:/Program Files/Analog Devices/VisualDSP 4.5/System/linker_log.xsl"?>
<DOCUMENT gen_time='Mon Dec 11 13:49:58 2006
'>
<MSG id='014ECBF0' mid='li2050' type='Warning'>
<TEXT><![CDATA[Symbol '_raise' is defined in more than one library.
        Defined in:     libsmall532y.dlb[raise_s.doj]
        Redefined in:   libc532y.dlb[raise.doj]
        Definition from libsmall532y.dlb[raise_s.doj] will be used.]]></TEXT>
</MSG>
<MSG id='014EE678' mid='li2050' type='Warning'>
<TEXT><![CDATA[Symbol '_interrupt' is defined in more than one library.
        Defined in:     libsmall532y.dlb[signal_s.doj]
        Redefined in:   libc532y.dlb[signal.doj]
        Definition from libsmall532y.dlb[signal_s.doj] will be used.]]></TEXT>
</MSG>
<MSG id='014EEB58' mid='li2050' type='Warning'>
<TEXT><![CDATA[Symbol '_signal' is defined in more than one library.
        Defined in:     libsmall532y.dlb[signal_s.doj]
        Redefined in:   libc532y.dlb[signal.doj]
        Definition from libsmall532y.dlb[signal_s.doj] will be used.]]></TEXT>
</MSG>
<MSG id='014F2450' mid='li2050' type='Warning'>
<TEXT><![CDATA[Symbol '__vector_table' is defined in more than one library.
        Defined in:     libsmall532y.dlb[xsignal_s.doj]
        Redefined in:   libc532y.dlb[xsignal.doj]
        Definition from libsmall532y.dlb[xsignal_s.doj] will be used.]]></TEXT>
</MSG>
<MSG id='014F45C0' mid='li2050' type='Warning'>
<TEXT><![CDATA[Symbol '_raise_interrupt' is defined in more than one library.
        Defined in:     libsmall532y.dlb[raiseint_s.doj]
        Redefined in:   libevent532y.dlb[raiseint.doj]
        Definition from libsmall532y.dlb[raiseint_s.doj] will be used.]]></TEXT>
</MSG>
<MSG id='014F4A28' mid='li2050' type='Warning'>
<TEXT><![CDATA[Symbol '_register_handler' is defined in more than one library.
        Defined in:     libsmall532y.dlb[reghdlr_s.doj]
        Redefined in:   libevent532y.dlb[reghdlr.doj]
        Definition from libsmall532y.dlb[reghdlr_s.doj] will be used.]]></TEXT>
</MSG>
<MSG id='014F6EB8' mid='li2050' type='Warning'>
<TEXT><![CDATA[Symbol '_clearerr' is defined in more than one library.
        Defined in:     libc532y.dlb[clearerr.doj]
        Redefined in:   libio532y.dlb[clearerr.doj]
        Definition from libc532y.dlb[clearerr.doj] will be used.]]></TEXT>
</MSG>
<MSG id='014F7638' mid='li2050' type='Warning'>
<TEXT><![CDATA[Symbol '_feof' is defined in more than one library.
        Defined in:     libc532y.dlb[feof.doj]
        Redefined in:   libio532y.dlb[eof.doj]
        Definition from libc532y.dlb[feof.doj] will be used.]]></TEXT>
</MSG>
<MSG id='014F77C0' mid='li2050' type='Warning'>
<TEXT><![CDATA[Symbol '_fclose' is defined in more than one library.
        Defined in:     libc532y.dlb[fclose.doj]
        Redefined in:   libio532y.dlb[fclose.doj]
        Definition from libc532y.dlb[fclose.doj] will be used.]]></TEXT>
</MSG>
<MSG id='014F79C8' mid='li2050' type='Warning'>
<TEXT><![CDATA[Symbol '_ferror' is defined in more than one library.
        Defined in:     libc532y.dlb[ferror.doj]
        Redefined in:   libio532y.dlb[ferror.doj]
        Definition from libc532y.dlb[ferror.doj] will be used.]]></TEXT>
</MSG>
<MSG id='014F7C40' mid='li2050' type='Warning'>
<TEXT><![CDATA[Symbol '_fflush' is defined in more than one library.
        Defined in:     libc532y.dlb[fflush.doj]
        Redefined in:   libio532y.dlb[fflush.doj]
        Definition from libc532y.dlb[fflush.doj] will be used.]]></TEXT>
</MSG>
<MSG id='014F7E70' mid='li2050' type='Warning'>
<TEXT><![CDATA[Symbol '_fgetc' is defined in more than one library.
        Defined in:     libc532y.dlb[fgetc.doj]
        Redefined in:   libio532y.dlb[fgetc.doj]
        Definition from libc532y.dlb[fgetc.doj] will be used.]]></TEXT>
</MSG>
<MSG id='014F8078' mid='li2050' type='Warning'>
<TEXT><![CDATA[Symbol '_fgetpos' is defined in more than one library.
        Defined in:     libc532y.dlb[fgetpos.doj]
        Redefined in:   libio532y.dlb[fgetpos.doj]
        Definition from libc532y.dlb[fgetpos.doj] will be used.]]></TEXT>
</MSG>
<MSG id='014F83D0' mid='li2050' type='Warning'>
<TEXT><![CDATA[Symbol '_fgets' is defined in more than one library.
        Defined in:     libc532y.dlb[fgets.doj]
        Redefined in:   libio532y.dlb[fgets.doj]
        Definition from libc532y.dlb[fgets.doj] will be used.]]></TEXT>
</MSG>
<MSG id='014F84F8' mid='li2050' type='Warning'>
<TEXT><![CDATA[Symbol '_fopen' is defined in more than one library.
        Defined in:     libc532y.dlb[fopen.doj]
        Redefined in:   libio532y.dlb[fopen.doj]
        Definition from libc532y.dlb[fopen.doj] will be used.]]></TEXT>
</MSG>
<MSG id='014F8700' mid='li2050' type='Warning'>
<TEXT><![CDATA[Symbol '_fprintf' is defined in more than one library.
        Defined in:     libc532y.dlb[fprintf32.doj]
        Redefined in:   libio532y.dlb[fprintf_32.doj]
        Definition from libc532y.dlb[fprintf32.doj] will be used.]]></TEXT>
</MSG>
<MSG id='014F8A58' mid='li2050' type='Warning'>
<TEXT><![CDATA[Symbol '__fprintf64' is defined in more than one library.
        Defined in:     libc532y.dlb[fprintf64.doj]
        Redefined in:   libio532y.dlb[fprintf_64.doj]
        Definition from libc532y.dlb[fprintf64.doj] will be used.]]></TEXT>
</MSG>
<MSG id='014F8D08' mid='li2050' type='Warning'>
<TEXT><![CDATA[Symbol '_fputc' is defined in more than one library.
        Defined in:     libc532y.dlb[fputc.doj]
        Redefined in:   libio532y.dlb[fputc.doj]
        Definition from libc532y.dlb[fputc.doj] will be used.]]></TEXT>
</MSG>
<MSG id='014F8E30' mid='li2050' type='Warning'>
<TEXT><![CDATA[Symbol '_fputs' is defined in more than one library.
        Defined in:     libc532y.dlb[fputs.doj]
        Redefined in:   libio532y.dlb[fputs.doj]
        Definition from libc532y.dlb[fputs.doj] will be used.]]></TEXT>
</MSG>
<MSG id='014F9038' mid='li2050' type='Warning'>
<TEXT><![CDATA[Symbol '_fread' is defined in more than one library.
        Defined in:     libc532y.dlb[fread.doj]
        Redefined in:   libio532y.dlb[fread.doj]
        Definition from libc532y.dlb[fread.doj] will be used.]]></TEXT>
</MSG>
<MSG id='014F9240' mid='li2050' type='Warning'>
<TEXT><![CDATA[Symbol '_freopen' is defined in more than one library.
        Defined in:     libc532y.dlb[freopen.doj]
        Redefined in:   libio532y.dlb[freopen.doj]
        Definition from libc532y.dlb[freopen.doj] will be used.]]></TEXT>
</MSG>
<MSG id='014F9598' mid='li2050' type='Warning'>
<TEXT><![CDATA[Symbol '_fscanf' is defined in more than one library.
        Defined in:     libc532y.dlb[fscanf32.doj]
        Redefined in:   libio532y.dlb[fscanf_32.doj]
        Definition from libc532y.dlb[fscanf32.doj] will be used.]]></TEXT>
</MSG>
<MSG id='014F9810' mid='li2050' type='Warning'>
<TEXT><![CDATA[Symbol '__fscanf64' is defined in more than one library.
        Defined in:     libc532y.dlb[fscanf64.doj]
        Redefined in:   libio532y.dlb[fscanf_64.doj]
        Definition from libc532y.dlb[fscanf64.doj] will be used.]]></TEXT>
</MSG>
<MSG id='014F9A88' mid='li2050' type='Warning'>
<TEXT><![CDATA[Symbol '_fseek' is defined in more than one library.
        Defined in:     libc532y.dlb[fseek.doj]
        Redefined in:   libio532y.dlb[fseek.doj]
        Definition from libc532y.dlb[fseek.doj] will be used.]]></TEXT>
</MSG>
<MSG id='014F9BB0' mid='li2050' type='Warning'>
<TEXT><![CDATA[Symbol '_fsetpos' is defined in more than one library.
        Defined in:     libc532y.dlb[fsetpos.doj]
        Redefined in:   libio532y.dlb[fsetpos.doj]
        Definition from libc532y.dlb[fsetpos.doj] will be used.]]></TEXT>
</MSG>
<MSG id='014F9F08' mid='li2050' type='Warning'>
<TEXT><![CDATA[Symbol '_ftell' is defined in more than one library.
        Defined in:     libc532y.dlb[ftell.doj]
        Redefined in:   libio532y.dlb[ftell.doj]
        Definition from libc532y.dlb[ftell.doj] will be used.]]></TEXT>
</MSG>
<MSG id='014FA030' mid='li2050' type='Warning'>
<TEXT><![CDATA[Symbol '_fwrite' is defined in more than one library.
        Defined in:     libc532y.dlb[fwrite.doj]
        Redefined in:   libio532y.dlb[fwrite.doj]
        Definition from libc532y.dlb[fwrite.doj] will be used.]]></TEXT>
</MSG>
<MSG id='014FA238' mid='li2050' type='Warning'>
<TEXT><![CDATA[Symbol '_getc' is defined in more than one library.
        Defined in:     libc532y.dlb[getc.doj]
        Redefined in:   libio532y.dlb[getc.doj]
        Definition from libc532y.dlb[getc.doj] will be used.]]></TEXT>
</MSG>
<MSG id='014FA440' mid='li2050' type='Warning'>
<TEXT><![CDATA[Symbol '_getchar' is defined in more than one library.
        Defined in:     libc532y.dlb[getchar.doj]
        Redefined in:   libio532y.dlb[getchar.doj]
        Definition from libc532y.dlb[getchar.doj] will be used.]]></TEXT>
</MSG>
<MSG id='014FA798' mid='li2050' type='Warning'>
<TEXT><![CDATA[Symbol '_gets' is defined in more than one library.
        Defined in:     libc532y.dlb[gets.doj]
        Redefined in:   libio532y.dlb[gets.doj]
        Definition from libc532y.dlb[gets.doj] will be used.]]></TEXT>
</MSG>
<MSG id='014FA8F8' mid='li2050' type='Warning'>
<TEXT><![CDATA[Symbol '_printf' is defined in more than one library.
        Defined in:     libc532y.dlb[printf32.doj]
        Redefined in:   libio532y.dlb[printf_32.doj]
        Definition from libc532y.dlb[printf32.doj] will be used.]]></TEXT>
</MSG>
<MSG id='014FAC78' mid='li2050' type='Warning'>
<TEXT><![CDATA[Symbol '__printf64' is defined in more than one library.
        Defined in:     libc532y.dlb[printf64.doj]
        Redefined in:   libio532y.dlb[printf_64.doj]
        Definition from libc532y.dlb[printf64.doj] will be used.]]></TEXT>
</MSG>
<MSG id='014FAEF0' mid='li2050' type='Warning'>
<TEXT><![CDATA[Symbol '_putc' is defined in more than one library.
        Defined in:     libc532y.dlb[putc.doj]
        Redefined in:   libio532y.dlb[putc.doj]
        Definition from libc532y.dlb[putc.doj] will be used.]]></TEXT>
</MSG>
<MSG id='014FB020' mid='li2050' type='Warning'>
<TEXT><![CDATA[Symbol '_putchar' is defined in more than one library.
        Defined in:     libc532y.dlb[putchar.doj]
        Redefined in:   libio532y.dlb[putchar.doj]
        Definition from libc532y.dlb[putchar.doj] will be used.]]></TEXT>
</MSG>
<MSG id='014FB378' mid='li2050' type='Warning'>
<TEXT><![CDATA[Symbol '_puts' is defined in more than one library.
        Defined in:     libc532y.dlb[puts.doj]
        Redefined in:   libio532y.dlb[puts.doj]
        Definition from libc532y.dlb[puts.doj] will be used.]]></TEXT>
</MSG>
<MSG id='014FB4A0' mid='li2050' type='Warning'>
<TEXT><![CDATA[Symbol '_remove' is defined in more than one library.
        Defined in:     libc532y.dlb[remove.doj]
        Redefined in:   libio532y.dlb[remove.doj]
        Definition from libc532y.dlb[remove.doj] will be used.]]></TEXT>
</MSG>
<MSG id='014FB6A8' mid='li2050' type='Warning'>
<TEXT><![CDATA[Symbol '_rename' is defined in more than one library.
        Defined in:     libc532y.dlb[rename.doj]
        Redefined in:   libio532y.dlb[rename.doj]
        Definition from libc532y.dlb[rename.doj] will be used.]]></TEXT>
</MSG>
<MSG id='014FB8B0' mid='li2050' type='Warning'>
<TEXT><![CDATA[Symbol '_rewind' is defined in more than one library.
        Defined in:     libc532y.dlb[rewind.doj]
        Redefined in:   libio532y.dlb[rewind.doj]
        Definition from libc532y.dlb[rewind.doj] will be used.]]></TEXT>
</MSG>
<MSG id='014FBAB8' mid='li2050' type='Warning'>
<TEXT><![CDATA[Symbol '_scanf' is defined in more than one library.
        Defined in:     libc532y.dlb[scanf32.doj]
        Redefined in:   libio532y.dlb[scanf_32.doj]
        Definition from libc532y.dlb[scanf32.doj] will be used.]]></TEXT>
</MSG>
<MSG id='014FBE10' mid='li2050' type='Warning'>
<TEXT><![CDATA[Symbol '__scanf64' is defined in more than one library.
        Defined in:     libc532y.dlb[scanf64.doj]
        Redefined in:   libio532y.dlb[scanf_64.doj]
        Definition from libc532y.dlb[scanf64.doj] will be used.]]></TEXT>
</MSG>
<MSG id='014FC088' mid='li2050' type='Warning'>
<TEXT><![CDATA[Symbol '_setbuf' is defined in more than one library.
        Defined in:     libc532y.dlb[setbuf.doj]
        Redefined in:   libio532y.dlb[setbuf.doj]
        Definition from libc532y.dlb[setbuf.doj] will be used.]]></TEXT>
</MSG>
<MSG id='014FC1B0' mid='li2050' type='Warning'>
<TEXT><![CDATA[Symbol '_setvbuf' is defined in more than one library.
        Defined in:     libc532y.dlb[setvbuf.doj]
        Redefined in:   libio532y.dlb[setvbuf.doj]
        Definition from libc532y.dlb[setvbuf.doj] will be used.]]></TEXT>
</MSG>
<MSG id='014FC508' mid='li2050' type='Warning'>
<TEXT><![CDATA[Symbol '_snprintf' is defined in more than one library.
        Defined in:     libc532y.dlb[snprintf32.doj]
        Redefined in:   libio532y.dlb[snprintf_32.doj]
        Definition from libc532y.dlb[snprintf32.doj] will be used.]]></TEXT>
</MSG>
<MSG id='014FC780' mid='li2050' type='Warning'>
<TEXT><![CDATA[Symbol '__snprintf64' is defined in more than one library.
        Defined in:     libc532y.dlb[snprintf64.doj]
        Redefined in:   libio532y.dlb[snprintf_64.doj]
        Definition from libc532y.dlb[snprintf64.doj] will be used.]]></TEXT>
</MSG>
<MSG id='014FC9F8' mid='li2050' type='Warning'>
<TEXT><![CDATA[Symbol '_sprintf' is defined in more than one library.
        Defined in:     libc532y.dlb[sprintf32.doj]
        Redefined in:   libio532y.dlb[sprintf_32.doj]
        Definition from libc532y.dlb[sprintf32.doj] will be used.]]></TEXT>
</MSG>
<MSG id='014FCC70' mid='li2050' type='Warning'>
<TEXT><![CDATA[Symbol '__sprintf64' is defined in more than one library.
        Defined in:     libc532y.dlb[sprintf64.doj]
        Redefined in:   libio532y.dlb[sprintf_64.doj]
        Definition from libc532y.dlb[sprintf64.doj] will be used.]]></TEXT>
</MSG>
<MSG id='014FCEE8' mid='li2050' type='Warning'>
<TEXT><![CDATA[Symbol '_sscanf' is defined in more than one library.
        Defined in:     libc532y.dlb[sscanf32.doj]
        Redefined in:   libio532y.dlb[sscanf_32.doj]
        Definition from libc532y.dlb[sscanf32.doj] will be used.]]></TEXT>
</MSG>
<MSG id='014FD160' mid='li2050' type='Warning'>
<TEXT><![CDATA[Symbol '__sscanf64' is defined in more than one library.
        Defined in:     libc532y.dlb[sscanf64.doj]
        Redefined in:   libio532y.dlb[sscanf_64.doj]
        Definition from libc532y.dlb[sscanf64.doj] will be used.]]></TEXT>
</MSG>
<MSG id='014FD3D8' mid='li2050' type='Warning'>
<TEXT><![CDATA[Symbol '_ungetc' is defined in more than one library.
        Defined in:     libc532y.dlb[ungetc.doj]
        Redefined in:   libio532y.dlb[ungetc.doj]
        Definition from libc532y.dlb[ungetc.doj] will be used.]]></TEXT>
</MSG>
<MSG id='014FD500' mid='li2050' type='Warning'>
<TEXT><![CDATA[Symbol '_vfprintf' is defined in more than one library.
        Defined in:     libc532y.dlb[vfprintf32.doj]
        Redefined in:   libio532y.dlb[vfprintf_32.doj]
        Definition from libc532y.dlb[vfprintf32.doj] will be used.]]></TEXT>
</MSG>
<MSG id='014FD858' mid='li2050' type='Warning'>
<TEXT><![CDATA[Symbol '__vfprintf64' is defined in more than one library.
        Defined in:     libc532y.dlb[vfprintf64.doj]
        Redefined in:   libio532y.dlb[vfprintf_64.doj]
        Definition from libc532y.dlb[vfprintf64.doj] will be used.]]></TEXT>
</MSG>
<MSG id='014FDAD0' mid='li2050' type='Warning'>
<TEXT><![CDATA[Symbol '_vprintf' is defined in more than one library.
        Defined in:     libc532y.dlb[vprintf32.doj]
        Redefined in:   libio532y.dlb[vprintf_32.doj]
        Definition from libc532y.dlb[vprintf32.doj] will be used.]]></TEXT>
</MSG>
<MSG id='014FDD48' mid='li2050' type='Warning'>
<TEXT><![CDATA[Symbol '__vprintf64' is defined in more than one library.
        Defined in:     libc532y.dlb[vprintf64.doj]
        Redefined in:   libio532y.dlb[vprintf_64.doj]
        Definition from libc532y.dlb[vprintf64.doj] will be used.]]></TEXT>
</MSG>
<MSG id='014FDFC0' mid='li2050' type='Warning'>
<TEXT><![CDATA[Symbol '_vsnprintf' is defined in more than one library.
        Defined in:     libc532y.dlb[vsnprint32.doj]
        Redefined in:   libio532y.dlb[vsnprintf_32.doj]
        Definition from libc532y.dlb[vsnprint32.doj] will be used.]]></TEXT>
</MSG>
<MSG id='014FE260' mid='li2050' type='Warning'>
<TEXT><![CDATA[Symbol '__vsnprintf64' is defined in more than one library.
        Defined in:     libc532y.dlb[vsnprint64.doj]
        Redefined in:   libio532y.dlb[vsnprintf_64.doj]
        Definition from libc532y.dlb[vsnprint64.doj] will be used.]]></TEXT>
</MSG>
<MSG id='014FE4D8' mid='li2050' type='Warning'>
<TEXT><![CDATA[Symbol '_vsprintf' is defined in more than one library.
        Defined in:     libc532y.dlb[vsprintf32.doj]
        Redefined in:   libio532y.dlb[vsprintf_32.doj]
        Definition from libc532y.dlb[vsprintf32.doj] will be used.]]></TEXT>
</MSG>
<MSG id='014FE750' mid='li2050' type='Warning'>
<TEXT><![CDATA[Symbol '__vsprintf64' is defined in more than one library.
        Defined in:     libc532y.dlb[vsprintf64.doj]
        Redefined in:   libio532y.dlb[vsprintf_64.doj]
        Definition from libc532y.dlb[vsprintf64.doj] will be used.]]></TEXT>
</MSG>
<MSG id='014FE9C8' mid='li2050' type='Warning'>
<TEXT><![CDATA[Symbol '__fwprintf64' is defined in more than one library.
        Defined in:     libc532y.dlb[fwprintf64.doj]
        Redefined in:   libio532y.dlb[widechar.doj]
        Definition from libc532y.dlb[fwprintf64.doj] will be used.]]></TEXT>
</MSG>
<MSG id='014FEC40' mid='li2050' type='Warning'>
<TEXT><![CDATA[Symbol '__fwscanf64' is defined in more than one library.
        Defined in:     libc532y.dlb[fwscanf64.doj]
        Redefined in:   libio532y.dlb[widechar.doj]
        Definition from libc532y.dlb[fwscanf64.doj] will be used.]]></TEXT>
</MSG>
<MSG id='014FEEB8' mid='li2050' type='Warning'>
<TEXT><![CDATA[Symbol '__swprintf64' is defined in more than one library.
        Defined in:     libc532y.dlb[swprintf64.doj]
        Redefined in:   libio532y.dlb[widechar.doj]
        Definition from libc532y.dlb[swprintf64.doj] will be used.]]></TEXT>
</MSG>
<MSG id='014FF130' mid='li2050' type='Warning'>
<TEXT><![CDATA[Symbol '__swscanf64' is defined in more than one library.
        Defined in:     libc532y.dlb[swscanf64.doj]
        Redefined in:   libio532y.dlb[widechar.doj]
        Definition from libc532y.dlb[swscanf64.doj] will be used.]]></TEXT>
</MSG>
<MSG id='014FF3A8' mid='li2050' type='Warning'>
<TEXT><![CDATA[Symbol '__vfwprintf64' is defined in more than one library.
        Defined in:     libc532y.dlb[vfwprint64.doj]
        Redefined in:   libio532y.dlb[widechar.doj]
        Definition from libc532y.dlb[vfwprint64.doj] will be used.]]></TEXT>
</MSG>
<MSG id='014FF620' mid='li2050' type='Warning'>
<TEXT><![CDATA[Symbol '__vswprintf64' is defined in more than one library.
        Defined in:     libc532y.dlb[vswprint64.doj]
        Redefined in:   libio532y.dlb[widechar.doj]
        Definition from libc532y.dlb[vswprint64.doj] will be used.]]></TEXT>
</MSG>
<MSG id='014FF898' mid='li2050' type='Warning'>
<TEXT><![CDATA[Symbol '__vwprintf64' is defined in more than one library.
        Defined in:     libc532y.dlb[vwprintf64.doj]
        Redefined in:   libio532y.dlb[widechar.doj]
        Definition from libc532y.dlb[vwprintf64.doj] will be used.]]></TEXT>
</MSG>
<MSG id='014FFB10' mid='li2050' type='Warning'>
<TEXT><![CDATA[Symbol '__wprintf64' is defined in more than one library.
        Defined in:     libc532y.dlb[wprintf64.doj]
        Redefined in:   libio532y.dlb[widechar.doj]
        Definition from libc532y.dlb[wprintf64.doj] will be used.]]></TEXT>
</MSG>
<MSG id='014FFD88' mid='li2050' type='Warning'>
<TEXT><![CDATA[Symbol '__wscanf64' is defined in more than one library.
        Defined in:     libc532y.dlb[wscanf64.doj]
        Redefined in:   libio532y.dlb[widechar.doj]
        Definition from libc532y.dlb[wscanf64.doj] will be used.]]></TEXT>
</MSG>
<MSG id='01500008' mid='li2050' type='Warning'>
<TEXT><![CDATA[Symbol '_btowc' is defined in more than one library.
        Defined in:     libc532y.dlb[btowc.doj]
        Redefined in:   libio532y.dlb[widechar.doj]
        Definition from libc532y.dlb[btowc.doj] will be used.]]></TEXT>
</MSG>
<MSG id='01500130' mid='li2050' type='Warning'>
<TEXT><![CDATA[Symbol '_fgetwc' is defined in more than one library.
        Defined in:     libc532y.dlb[fgetwc.doj]
        Redefined in:   libio532y.dlb[widechar.doj]
        Definition from libc532y.dlb[fgetwc.doj] will be used.]]></TEXT>
</MSG>
<MSG id='01500488' mid='li2050' type='Warning'>
<TEXT><![CDATA[Symbol '_fgetws' is defined in more than one library.
        Defined in:     libc532y.dlb[fgetws.doj]
        Redefined in:   libio532y.dlb[widechar.doj]
        Definition from libc532y.dlb[fgetws.doj] will be used.]]></TEXT>
</MSG>
<MSG id='01500700' mid='li2050' type='Warning'>
<TEXT><![CDATA[Symbol '_fputwc' is defined in more than one library.
        Defined in:     libc532y.dlb[fputwc.doj]
        Redefined in:   libio532y.dlb[widechar.doj]
        Definition from libc532y.dlb[fputwc.doj] will be used.]]></TEXT>
</MSG>
<MSG id='01500978' mid='li2050' type='Warning'>
<TEXT><![CDATA[Symbol '_fputws' is defined in more than one library.
        Defined in:     libc532y.dlb[fputws.doj]
        Redefined in:   libio532y.dlb[widechar.doj]
        Definition from libc532y.dlb[fputws.doj] will be used.]]></TEXT>
</MSG>
<MSG id='01500BF0' mid='li2050' type='Warning'>
<TEXT><![CDATA[Symbol '_fwide' is defined in more than one library.
        Defined in:     libc532y.dlb[fwide.doj]
        Redefined in:   libio532y.dlb[widechar.doj]
        Definition from libc532y.dlb[fwide.doj] will be used.]]></TEXT>
</MSG>
<MSG id='01500D18' mid='li2050' type='Warning'>
<TEXT><![CDATA[Symbol '_fwprintf' is defined in more than one library.
        Defined in:     libc532y.dlb[fwprintf32.doj]
        Redefined in:   libio532y.dlb[widechar.doj]
        Definition from libc532y.dlb[fwprintf32.doj] will be used.]]></TEXT>
</MSG>
<MSG id='01501070' mid='li2050' type='Warning'>
<TEXT><![CDATA[Symbol '_fwscanf' is defined in more than one library.
        Defined in:     libc532y.dlb[fwscanf32.doj]
        Redefined in:   libio532y.dlb[widechar.doj]
        Definition from libc532y.dlb[fwscanf32.doj] will be used.]]></TEXT>
</MSG>
<MSG id='015012E8' mid='li2050' type='Warning'>
<TEXT><![CDATA[Symbol '_getwc' is defined in more than one library.
        Defined in:     libc532y.dlb[getwc.doj]
        Redefined in:   libio532y.dlb[widechar.doj]
        Definition from libc532y.dlb[getwc.doj] will be used.]]></TEXT>
</MSG>
<MSG id='01501410' mid='li2050' type='Warning'>
<TEXT><![CDATA[Symbol '_getwchar' is defined in more than one library.
        Defined in:     libc532y.dlb[getwchar.doj]
        Redefined in:   libio532y.dlb[widechar.doj]
        Definition from libc532y.dlb[getwchar.doj] will be used.]]></TEXT>
</MSG>
<MSG id='01501768' mid='li2050' type='Warning'>
<TEXT><![CDATA[Symbol '_mbrlen' is defined in more than one library.
        Defined in:     libc532y.dlb[mbrlen.doj]
        Redefined in:   libio532y.dlb[widechar.doj]
        Definition from libc532y.dlb[mbrlen.doj] will be used.]]></TEXT>
</MSG>
<MSG id='015019E0' mid='li2050' type='Warning'>
<TEXT><![CDATA[Symbol '_mbrtowc' is defined in more than one library.
        Defined in:     libc532y.dlb[mbrtowc.doj]
        Redefined in:   libio532y.dlb[widechar.doj]
        Definition from libc532y.dlb[mbrtowc.doj] will be used.]]></TEXT>
</MSG>
<MSG id='01501C58' mid='li2050' type='Warning'>
<TEXT><![CDATA[Symbol '_mbsinit' is defined in more than one library.
        Defined in:     libc532y.dlb[mbsinit.doj]
        Redefined in:   libio532y.dlb[widechar.doj]
        Definition from libc532y.dlb[mbsinit.doj] will be used.]]></TEXT>
</MSG>
<MSG id='01501ED0' mid='li2050' type='Warning'>
<TEXT><![CDATA[Symbol '_mbsrtowcs' is defined in more than one library.
        Defined in:     libc532y.dlb[mbsrtowc.doj]
        Redefined in:   libio532y.dlb[widechar.doj]
        Definition from libc532y.dlb[mbsrtowc.doj] will be used.]]></TEXT>
</MSG>
<MSG id='01502148' mid='li2050' type='Warning'>
<TEXT><![CDATA[Symbol '_putwc' is defined in more than one library.
        Defined in:     libc532y.dlb[putwc.doj]
        Redefined in:   libio532y.dlb[widechar.doj]
        Definition from libc532y.dlb[putwc.doj] will be used.]]></TEXT>
</MSG>
<MSG id='01502270' mid='li2050' type='Warning'>
<TEXT><![CDATA[Symbol '_putwchar' is defined in more than one library.
        Defined in:     libc532y.dlb[putwchar.doj]
        Redefined in:   libio532y.dlb[widechar.doj]
        Definition from libc532y.dlb[putwchar.doj] will be used.]]></TEXT>
</MSG>
<MSG id='015025C8' mid='li2050' type='Warning'>
<TEXT><![CDATA[Symbol '_swprintf' is defined in more than one library.
        Defined in:     libc532y.dlb[swprintf32.doj]
        Redefined in:   libio532y.dlb[widechar.doj]
        Definition from libc532y.dlb[swprintf32.doj] will be used.]]></TEXT>
</MSG>
<MSG id='01502840' mid='li2050' type='Warning'>
<TEXT><![CDATA[Symbol '_swscanf' is defined in more than one library.
        Defined in:     libc532y.dlb[swscanf32.doj]
        Redefined in:   libio532y.dlb[widechar.doj]
        Definition from libc532y.dlb[swscanf32.doj] will be used.]]></TEXT>
</MSG>
<MSG id='01502AB8' mid='li2050' type='Warning'>
<TEXT><![CDATA[Symbol '_ungetwc' is defined in more than one library.
        Defined in:     libc532y.dlb[ungetwc.doj]
        Redefined in:   libio532y.dlb[widechar.doj]
        Definition from libc532y.dlb[ungetwc.doj] will be used.]]></TEXT>
</MSG>
<MSG id='01502D30' mid='li2050' type='Warning'>
<TEXT><![CDATA[Symbol '_vfwprintf' is defined in more than one library.
        Defined in:     libc532y.dlb[vfwprint32.doj]
        Redefined in:   libio532y.dlb[widechar.doj]
        Definition from libc532y.dlb[vfwprint32.doj] will be used.]]></TEXT>
</MSG>
<MSG id='01502FA8' mid='li2050' type='Warning'>
<TEXT><![CDATA[Symbol '_vswprintf' is defined in more than one library.
        Defined in:     libc532y.dlb[vswprint32.doj]
        Redefined in:   libio532y.dlb[widechar.doj]
        Definition from libc532y.dlb[vswprint32.doj] will be used.]]></TEXT>
</MSG>
<MSG id='01503220' mid='li2050' type='Warning'>
<TEXT><![CDATA[Symbol '_vwprintf' is defined in more than one library.
        Defined in:     libc532y.dlb[vwprintf32.doj]
        Redefined in:   libio532y.dlb[widechar.doj]
        Definition from libc532y.dlb[vwprintf32.doj] will be used.]]></TEXT>
</MSG>
<MSG id='015034D0' mid='li2050' type='Warning'>
<TEXT><![CDATA[Symbol '_wcrtomb' is defined in more than one library.
        Defined in:     libc532y.dlb[wcrtomb.doj]
        Redefined in:   libio532y.dlb[widechar.doj]
        Definition from libc532y.dlb[wcrtomb.doj] will be used.]]></TEXT>
</MSG>
<MSG id='01503748' mid='li2050' type='Warning'>
<TEXT><![CDATA[Symbol '_wcscat' is defined in more than one library.
        Defined in:     libc532y.dlb[wcscat.doj]
        Redefined in:   libio532y.dlb[widechar.doj]
        Definition from libc532y.dlb[wcscat.doj] will be used.]]></TEXT>
</MSG>
<MSG id='015039C0' mid='li2050' type='Warning'>
<TEXT><![CDATA[Symbol '_wcscmp' is defined in more than one library.
        Defined in:     libc532y.dlb[wcscmp.doj]
        Redefined in:   libio532y.dlb[widechar.doj]
        Definition from libc532y.dlb[wcscmp.doj] will be used.]]></TEXT>
</MSG>
<MSG id='01503C38' mid='li2050' type='Warning'>
<TEXT><![CDATA[Symbol '_wcscoll' is defined in more than one library.
        Defined in:     libc532y.dlb[wcscoll.doj]
        Redefined in:   libio532y.dlb[widechar.doj]
        Definition from libc532y.dlb[wcscoll.doj] will be used.]]></TEXT>
</MSG>
<MSG id='01503EB0' mid='li2050' type='Warning'>
<TEXT><![CDATA[Symbol '_wcscpy' is defined in more than one library.
        Defined in:     libc532y.dlb[wcscpy.doj]
        Redefined in:   libio532y.dlb[widechar.doj]
        Definition from libc532y.dlb[wcscpy.doj] will be used.]]></TEXT>
</MSG>
<MSG id='01504128' mid='li2050' type='Warning'>
<TEXT><![CDATA[Symbol '_wcscspn' is defined in more than one library.
        Defined in:     libc532y.dlb[wcscspn.doj]
        Redefined in:   libio532y.dlb[widechar.doj]
        Definition from libc532y.dlb[wcscspn.doj] will be used.]]></TEXT>
</MSG>
<MSG id='015043D8' mid='li2050' type='Warning'>
<TEXT><![CDATA[Symbol '_wcslen' is defined in more than one library.
        Defined in:     libc532y.dlb[wcslen.doj]
        Redefined in:   libio532y.dlb[widechar.doj]
        Definition from libc532y.dlb[wcslen.doj] will be used.]]></TEXT>
</MSG>
<MSG id='01504650' mid='li2050' type='Warning'>
<TEXT><![CDATA[Symbol '_wcsncat' is defined in more than one library.
        Defined in:     libc532y.dlb[wcsncat.doj]
        Redefined in:   libio532y.dlb[widechar.doj]
        Definition from libc532y.dlb[wcsncat.doj] will be used.]]></TEXT>
</MSG>
<MSG id='015048C8' mid='li2050' type='Warning'>
<TEXT><![CDATA[Symbol '_wcsncpy' is defined in more than one library.
        Defined in:     libc532y.dlb[wcsncpy.doj]
        Redefined in:   libio532y.dlb[widechar.doj]
        Definition from libc532y.dlb[wcsncpy.doj] will be used.]]></TEXT>
</MSG>
<MSG id='01504B78' mid='li2050' type='Warning'>
<TEXT><![CDATA[Symbol '_wcsrtombs' is defined in more than one library.
        Defined in:     libc532y.dlb[wcsrtomb.doj]
        Redefined in:   libio532y.dlb[widechar.doj]
        Definition from libc532y.dlb[wcsrtomb.doj] will be used.]]></TEXT>
</MSG>
<MSG id='01504DF0' mid='li2050' type='Warning'>
<TEXT><![CDATA[Symbol '_wcstod' is defined in more than one library.
        Defined in:     libc532y.dlb[v35_wstod.doj]
        Redefined in:   libio532y.dlb[widechar.doj]
        Definition from libc532y.dlb[v35_wstod.doj] will be used.]]></TEXT>
</MSG>
<MSG id='015050A0' mid='li2050' type='Warning'>
<TEXT><![CDATA[Symbol '_wcstol' is defined in more than one library.
        Defined in:     libc532y.dlb[wcstol.doj]
        Redefined in:   libio532y.dlb[widechar.doj]
        Definition from libc532y.dlb[wcstol.doj] will be used.]]></TEXT>
</MSG>
<MSG id='01505350' mid='li2050' type='Warning'>
<TEXT><![CDATA[Symbol '_wcstoul' is defined in more than one library.
        Defined in:     libc532y.dlb[wcstoul.doj]
        Redefined in:   libio532y.dlb[widechar.doj]
        Definition from libc532y.dlb[wcstoul.doj] will be used.]]></TEXT>
</MSG>
<MSG id='015055C8' mid='li2050' type='Warning'>
<TEXT><![CDATA[Symbol '_wcsxfrm' is defined in more than one library.
        Defined in:     libc532y.dlb[wcsxfrm.doj]
        Redefined in:   libio532y.dlb[widechar.doj]
        Definition from libc532y.dlb[wcsxfrm.doj] will be used.]]></TEXT>
</MSG>
<MSG id='01505840' mid='li2050' type='Warning'>
<TEXT><![CDATA[Symbol '_wctob' is defined in more than one library.
        Defined in:     libc532y.dlb[wctob.doj]
        Redefined in:   libio532y.dlb[widechar.doj]
        Definition from libc532y.dlb[wctob.doj] will be used.]]></TEXT>
</MSG>
<MSG id='01505968' mid='li2050' type='Warning'>
<TEXT><![CDATA[Symbol '_wmemcmp' is defined in more than one library.
        Defined in:     libc532y.dlb[wmemcmp.doj]
        Redefined in:   libio532y.dlb[widechar.doj]
        Definition from libc532y.dlb[wmemcmp.doj] will be used.]]></TEXT>
</MSG>
<MSG id='01505CC0' mid='li2050' type='Warning'>
<TEXT><![CDATA[Symbol '_wmemcpy' is defined in more than one library.
        Defined in:     libc532y.dlb[wmemcpy.doj]
        Redefined in:   libio532y.dlb[widechar.doj]
        Definition from libc532y.dlb[wmemcpy.doj] will be used.]]></TEXT>
</MSG>
<MSG id='01505F38' mid='li2050' type='Warning'>
<TEXT><![CDATA[Symbol '_wmemmove' is defined in more than one library.
        Defined in:     libc532y.dlb[wmemmove.doj]
        Redefined in:   libio532y.dlb[widechar.doj]
        Definition from libc532y.dlb[wmemmove.doj] will be used.]]></TEXT>
</MSG>
<MSG id='015061B0' mid='li2050' type='Warning'>
<TEXT><![CDATA[Symbol '_wmemset' is defined in more than one library.
        Defined in:     libc532y.dlb[wmemset.doj]
        Redefined in:   libio532y.dlb[widechar.doj]
        Definition from libc532y.dlb[wmemset.doj] will be used.]]></TEXT>
</MSG>
<MSG id='01506428' mid='li2050' type='Warning'>
<TEXT><![CDATA[Symbol '_wprintf' is defined in more than one library.
        Defined in:     libc532y.dlb[wprintf32.doj]
        Redefined in:   libio532y.dlb[widechar.doj]
        Definition from libc532y.dlb[wprintf32.doj] will be used.]]></TEXT>
</MSG>
<MSG id='015066A0' mid='li2050' type='Warning'>
<TEXT><![CDATA[Symbol '_wscanf' is defined in more than one library.
        Defined in:     libc532y.dlb[wscanf32.doj]
        Redefined in:   libio532y.dlb[widechar.doj]
        Definition from libc532y.dlb[wscanf32.doj] will be used.]]></TEXT>
</MSG>
<MSG id='01506988' mid='li2050' type='Warning'>
<TEXT><![CDATA[Symbol '__Files' is defined in more than one library.
        Defined in:     libc532y.dlb[xfiles.doj]
        Redefined in:   libio532y.dlb[xfiles.doj]
        Definition from libc532y.dlb[xfiles.doj] will be used.]]></TEXT>
</MSG>
<MSG id='01506AB0' mid='li2050' type='Warning'>
<TEXT><![CDATA[Symbol '__Stderr' is defined in more than one library.
        Defined in:     libc532y.dlb[xfiles.doj]
        Redefined in:   libio532y.dlb[xfiles.doj]
        Definition from libc532y.dlb[xfiles.doj] will be used.]]></TEXT>
</MSG>
<MSG id='01506CB8' mid='li2050' type='Warning'>
<TEXT><![CDATA[Symbol '__Stdin' is defined in more than one library.
        Defined in:     libc532y.dlb[xfiles.doj]
        Redefined in:   libio532y.dlb[xfiles.doj]
        Definition from libc532y.dlb[xfiles.doj] will be used.]]></TEXT>
</MSG>
<MSG id='01506EC0' mid='li2050' type='Warning'>
<TEXT><![CDATA[Symbol '__Stdout' is defined in more than one library.
        Defined in:     libc532y.dlb[xfiles.doj]
        Redefined in:   libio532y.dlb[xfiles.doj]
        Definition from libc532y.dlb[xfiles.doj] will be used.]]></TEXT>
</MSG>
<MSG id='01510568' mid='li2050' type='Warning'>
<TEXT><![CDATA[Symbol '___float32_to_int32_round_to_zero' is defined in more than one library.
        Defined in:     libdsp532y.dlb[f32toi32z.doj]
        Redefined in:   libsftflt532y.dlb[f32toi32r.doj]
        Definition from libdsp532y.dlb[f32toi32z.doj] will be used.]]></TEXT>
</MSG>
<MSG id='01510A50' mid='li2050' type='Warning'>
<TEXT><![CDATA[Symbol '___float32_cmp' is defined in more than one library.
        Defined in:     libdsp532y.dlb[fltcmp.doj]
        Redefined in:   libsftflt532y.dlb[fltcmp.doj]
        Definition from libdsp532y.dlb[fltcmp.doj] will be used.]]></TEXT>
</MSG>
<MSG id='01510FA8' mid='li2050' type='Warning'>
<TEXT><![CDATA[Symbol '___float32_add' is defined in more than one library.
        Defined in:     libdsp532y.dlb[fpadd.doj]
        Redefined in:   libsftflt532y.dlb[fpadd.doj]
        Definition from libdsp532y.dlb[fpadd.doj] will be used.]]></TEXT>
</MSG>
<MSG id='01511298' mid='li2050' type='Warning'>
<TEXT><![CDATA[Symbol '___float32_div' is defined in more than one library.
        Defined in:     libdsp532y.dlb[fpdiv.doj]
        Redefined in:   libsftflt532y.dlb[fpdiv.doj]
        Definition from libdsp532y.dlb[fpdiv.doj] will be used.]]></TEXT>
</MSG>
<MSG id='01511660' mid='li2050' type='Warning'>
<TEXT><![CDATA[Symbol '___float32_mul' is defined in more than one library.
        Defined in:     libdsp532y.dlb[fpmult.doj]
        Redefined in:   libsftflt532y.dlb[fpmult.doj]
        Definition from libdsp532y.dlb[fpmult.doj] will be used.]]></TEXT>
</MSG>
<MSG id='015119C0' mid='li2050' type='Warning'>
<TEXT><![CDATA[Symbol '___float32_sub' is defined in more than one library.
        Defined in:     libdsp532y.dlb[fpsub.doj]
        Redefined in:   libsftflt532y.dlb[fpsub.doj]
        Definition from libdsp532y.dlb[fpsub.doj] will be used.]]></TEXT>
</MSG>
<MSG id='01511C38' mid='li2050' type='Warning'>
<TEXT><![CDATA[Symbol '___int32_to_float32' is defined in more than one library.
        Defined in:     libdsp532y.dlb[fltsif.doj]
        Redefined in:   libsftflt532y.dlb[i32tof32.doj]
        Definition from libdsp532y.dlb[fltsif.doj] will be used.]]></TEXT>
</MSG>
<MSG id='01511EE8' mid='li2050' type='Warning'>
<TEXT><![CDATA[Symbol '_isinf' is defined in more than one library.
        Defined in:     libdsp532y.dlb[isinf.doj]
        Redefined in:   libsftflt532y.dlb[isinf.doj]
        Definition from libdsp532y.dlb[isinf.doj] will be used.]]></TEXT>
</MSG>
<MSG id='01512188' mid='li2050' type='Warning'>
<TEXT><![CDATA[Symbol '_isnan' is defined in more than one library.
        Defined in:     libdsp532y.dlb[isnan.doj]
        Redefined in:   libsftflt532y.dlb[isnan.doj]
        Definition from libdsp532y.dlb[isnan.doj] will be used.]]></TEXT>
</MSG>
<MSG id='015127C8' mid='li2050' type='Warning'>
<TEXT><![CDATA[Symbol '___unsigned_int32_to_float32' is defined in more than one library.
        Defined in:     libdsp532y.dlb[fltuif.doj]
        Redefined in:   libsftflt532y.dlb[u32tof32.doj]
        Definition from libdsp532y.dlb[fltuif.doj] will be used.]]></TEXT>
</MSG>
<MSG id='0152DCC0' mid='li2153' type='Warning'>
<TEXT><![CDATA[Input sections have inconsistent qualifiers as follows.
unknown   | Debug\cycle_count.doj(L1_code)
unknown   | Debug\cycle_count.doj(data1)
DOUBLEANY | libc532y.dlb[closeall.doj](data1)
DOUBLEANY | libc532y.dlb[closeall.doj](program)
DOUBLEANY | libc532y.dlb[div.doj](data1)
DOUBLEANY | libc532y.dlb[div.doj](program)
DOUBLEANY | libc532y.dlb[errno.doj](bsz)
DOUBLEANY | libc532y.dlb[errno.doj](program)
DOUBLEANY | libc532y.dlb[exit.doj](data1)
DOUBLEANY | libc532y.dlb[exit.doj](program)
DOUBLEANY | libc532y.dlb[exit_objects.doj](data1)
DOUBLEANY | libc532y.dlb[exit_objects.doj](program)
DOUBLEANY | libc532y.dlb[fflush.doj](data1)
DOUBLEANY | libc532y.dlb[fflush.doj](program)
DOUBLEANY | crtsfc532y.doj(.frt)
DOUBLEANY | crtsfc532y.doj(.gdt)
DOUBLEANY | crtsfc532y.doj(ctor)
DOUBLEANY | crtsfc532y.doj(data1)
DOUBLEANY | crtsfc532y.doj(program)
unknown   | Debug\dilation.doj(L1_code)
DOUBLE32  | Debug\t_open.doj(bsz)
DOUBLE32  | Debug\t_open.doj(constdata)
DOUBLE32  | Debug\t_open.doj(data1)
DOUBLE32  | Debug\t_open.doj(mydata1)
DOUBLE32  | Debug\t_open.doj(mydata2)
DOUBLE32  | Debug\t_open.doj(mydata3)
DOUBLE32  | Debug\t_open.doj(program)
DOUBLEANY | crtn532y.doj(.gdtl)
DOUBLEANY | crtn532y.doj(ctorl)
DOUBLEANY | cplbtab533.doj(cplb_data)
unknown   | Debug\erosion.doj(L1_code)
unknown   | Debug\open.doj(L1_code)
DOUBLEANY | libsmall532y.dlb[write_s.doj](program)
DOUBLEANY | __initsbsz532.doj(bsz_init)
DOUBLEANY | __initsbsz532.doj(program)
DOUBLEANY | libc532y.dlb[atexit.doj](data1)
DOUBLEANY | libc532y.dlb[atexit.doj](program)
DOUBLEANY | libc532y.dlb[free.doj](program)
DOUBLEANY | libc532y.dlb[xfree.doj](data1)
DOUBLEANY | libc532y.dlb[xfree.doj](program)
DOUBLEANY | libc532y.dlb[fwrite.doj](program)
DOUBLEANY | libc532y.dlb[ldiv.doj](data1)
DOUBLEANY | libc532y.dlb[ldiv.doj](program)
DOUBLEANY | libc532y.dlb[localeco.doj](constdata)
DOUBLEANY | libc532y.dlb[localeco.doj](data1)
DOUBLEANY | libc532y.dlb[localeco.doj](program)
DOUBLEANY | libc532y.dlb[malloc.doj](program)
DOUBLEANY | libc532y.dlb[xmalloc.doj](data1)
DOUBLEANY | libc532y.dlb[xmalloc.doj](program)
DOUBLEANY | libc532y.dlb[memchr.doj](program)
DOUBLEANY | libc532y.dlb[strchr.doj](program)
DOUBLEANY | libc532y.dlb[xctype.doj](constdata)
DOUBLEANY | libc532y.dlb[xctype.doj](data1)
DOUBLEANY | libc532y.dlb[xctype.doj](program)
DOUBLEANY | libc532y.dlb[xfdnorm.doj](program)
DOUBLEANY | libc532y.dlb[xfdscale.doj](data1)
DOUBLEANY | libc532y.dlb[xfdscale.doj](program)
DOUBLEANY | libc532y.dlb[xfdunsca.doj](program)
DOUBLEANY | libc532y.dlb[xfiles.doj](data1)
DOUBLEANY | libc532y.dlb[xfiles.doj](program)
DOUBLEANY | libc532y.dlb[xfwprep.doj](program)
DOUBLEANY | libc532y.dlb[xgenld.doj](constdata)
DOUBLEANY | libc532y.dlb[xgenld.doj](data1)
DOUBLEANY | libc532y.dlb[xgenld.doj](program)
DOUBLEANY | libc532y.dlb[xgetmem.doj](program)
DOUBLEANY | libc532y.dlb[xlitob.doj](constdata)
DOUBLEANY | libc532y.dlb[xlitob.doj](program)
DOUBLEANY | libc532y.dlb[xmbtowc.doj](data1)
DOUBLEANY | libc532y.dlb[xmbtowc.doj](program)
DOUBLEANY | libc532y.dlb[xputstr.doj](data1)
DOUBLEANY | libc532y.dlb[xputstr.doj](program)
DOUBLEANY | libc532y.dlb[xputtxt.doj](constdata)
DOUBLEANY | libc532y.dlb[xputtxt.doj](program)
DOUBLEANY | libc532y.dlb[xstate.doj](data1)
DOUBLEANY | libc532y.dlb[xstate.doj](program)
DOUBLEANY | libc532y.dlb[xwcstate.doj](data1)
DOUBLEANY | libc532y.dlb[xwcstate.doj](program)
DOUBLEANY | libc532y.dlb[xwctomb.doj](data1)
DOUBLEANY | libc532y.dlb[xwctomb.doj](program)
DOUBLEANY | libc532y.dlb[xvacopy.doj](data1)
DOUBLEANY | libc532y.dlb[xvacopy.doj](program)
DOUBLEANY | libc532y.dlb[printf32.doj](data1)
DOUBLEANY | libc532y.dlb[printf32.doj](program)
DOUBLEANY | libc532y.dlb[xprintf32.doj](constdata)
DOUBLEANY | libc532y.dlb[xprintf32.doj](data1)
DOUBLEANY | libc532y.dlb[xprintf32.doj](program)
DOUBLEANY | libc532y.dlb[xfvalues32.doj](constdata)
DOUBLEANY | libc532y.dlb[xfvalues32.doj](program)
DOUBLEANY | libc532y.dlb[xldtob32.doj](constdata)
DOUBLEANY | libc532y.dlb[xldtob32.doj](program)
DOUBLEANY | libc532y.dlb[xputfld32.doj](constdata)
DOUBLEANY | libc532y.dlb[xputfld32.doj](data1)
DOUBLEANY | libc532y.dlb[xputfld32.doj](program)
DOUBLEANY | libc532y.dlb[heapinfo.doj](bsz)
DOUBLEANY | libc532y.dlb[heapinfo.doj](program)
DOUBLEANY | libc532y.dlb[heaptab.doj](constdata)
DOUBLEANY | libc532y.dlb[_Sbrk.doj](data1)
DOUBLEANY | libc532y.dlb[_Sbrk.doj](program)
DOUBLEANY | libc532y.dlb[_exit_s.doj](program)
DOUBLEANY | libevent532y.dlb[defhdlrs.doj](program)
DOUBLEANY | libevent532y.dlb[cplbctrl.doj](data1)
DOUBLEANY | libevent532y.dlb[cplbctrl.doj](program)
DOUBLEANY | libevent532y.dlb[cplbhdr.doj](cplb_code)
DOUBLEANY | libevent532y.dlb[cplbinit.doj](cplb_code)
DOUBLEANY | libevent532y.dlb[cplbinit.doj](cplb_data)
DOUBLEANY | libevent532y.dlb[cplbmgr.doj](cplb_code)
DOUBLEANY | libevent532y.dlb[cplbmgr.doj](cplb_data)
DOUBLEANY | libevent532y.dlb[cplbmiss.doj](program)
DOUBLEANY | libevent532y.dlb[cplbprot.doj](program)
DOUBLEANY | libevent532y.dlb[cplblocked.doj](program)
DOUBLEANY | libevent532y.dlb[pwrclk.doj](program)
DOUBLEANY | libevent532y.dlb[clkctrl.doj](data1)
DOUBLEANY | libevent532y.dlb[clkctrl.doj](program)
DOUBLEANY | libevent532y.dlb[unknownex.doj](program)
DOUBLEANY | libio532y.dlb[xprim.doj](program)
DOUBLEANY | libio532y.dlb[xprim.doj](voldata)
DOUBLEANY | libio532y.dlb[xprim_close.doj](data1)
DOUBLEANY | libio532y.dlb[xprim_close.doj](program)
DOUBLEANY | libio532y.dlb[xprim_open.doj](data1)
DOUBLEANY | libio532y.dlb[xprim_open.doj](program)
DOUBLEANY | libio532y.dlb[xprim_read.doj](data1)
DOUBLEANY | libio532y.dlb[xprim_read.doj](program)
DOUBLEANY | libio532y.dlb[xprim_write2.doj](data1)
DOUBLEANY | libio532y.dlb[xprim_write2.doj](program)
DOUBLEANY | libio532y.dlb[xprim_seek.doj](data1)
DOUBLEANY | libio532y.dlb[xprim_seek.doj](program)
DOUBLEANY | libio532y.dlb[devtab.doj](data1)
DOUBLEANY | libio532y.dlb[devtab.doj](program)
DOUBLEANY | libio532y.dlb[devIOtab.doj](bsz)
DOUBLEANY | libio532y.dlb[devIOtab.doj](program)
DOUBLEANY | libio532y.dlb[dev_drv_tab.doj](data1)
DOUBLEANY | libio532y.dlb[dev_drv_tab.doj](program)
DOUBLEANY | libio532y.dlb[dev_init.doj](data1)
DOUBLEANY | libio532y.dlb[dev_init.doj](program)
DOUBLEANY | libio532y.dlb[dev_write.doj](data1)
DOUBLEANY | libio532y.dlb[dev_write.doj](program)
DOUBLEANY | libio532y.dlb[primiolib.doj](data1)
DOUBLEANY | libio532y.dlb[primiolib.doj](program)
DOUBLEANY | libcpp532y.dlb[ctorloop.doj](data1)
DOUBLEANY | libcpp532y.dlb[ctorloop.doj](program)
DOUBLEANY | libdsp532y.dlb[fltsif.doj](program)
DOUBLEANY | libdsp532y.dlb[fpadd.doj](program)
DOUBLEANY | libdsp532y.dlb[fpdiv.doj](program)
DOUBLEANY | libdsp532y.dlb[fpmult.doj](program)
DOUBLEANY | libdsp532y.dlb[fpsub.doj](program)
DOUBLEANY | libdsp532y.dlb[sdiv32.doj](program)
DOUBLEANY | libdsp532y.dlb[f32toi32z.doj](program)
DOUBLEANY | libdsp532y.dlb[udiv32.doj](program)
DOUBLEANY | libdsp532y.dlb[urem32.doj](program)
DOUBLEANY | libdsp532y.dlb[lshfti64.doj](program)
DOUBLEANY | libdsp532y.dlb[mulu64.doj](program)
DOUBLEANY | libdsp532y.dlb[sdiv64.doj](program)
DOUBLEANY | libdsp532y.dlb[udiv64.doj](program)
DOUBLEANY | libdsp532y.dlb[remu64.doj](program)
DOUBLEANY | idle532y.doj(program)
DOUBLEANY | librt_fileio532y.dlb[_memcpy2.doj](data1)
DOUBLEANY | librt_fileio532y.dlb[_memcpy2.doj](program)
DOUBLEANY | librt_fileio532y.dlb[meminit.doj](constdata)
DOUBLEANY | librt_fileio532y.dlb[meminit.doj](data1)
DOUBLEANY | librt_fileio532y.dlb[meminit.doj](program)
DOUBLEANY | librt_fileio532y.dlb[argstring.doj](data1)
DOUBLEANY | librt_fileio532y.dlb[argstring.doj](program)
DOUBLEANY | librt_fileio532y.dlb[getargv.doj](bsz)
DOUBLEANY | librt_fileio532y.dlb[getargv.doj](data1)
DOUBLEANY | librt_fileio532y.dlb[getargv.doj](program)]]></TEXT>
</MSG>
</DOCUMENT>
